sample	caller
BS_00PH2T1P	cnvkit
BS_00PH2T1P	manta
BS_01BDZ0TW	cnvkit
BS_01BDZ0TW	manta
BS_01DQH017	freec
BS_02M67EFQ	freec
BS_02M67EFQ	manta
BS_02ZSVZCB	manta
BS_05HM0A95	freec
BS_05HM0A95	manta
BS_05TA6E00	freec
BS_05TA6E00	manta
BS_066WH8B1	freec
BS_066WH8B1	manta
BS_08127AYS	cnvkit
BS_08127AYS	freec
BS_089VTMQN	freec
BS_089VTMQN	manta
BS_08WQR40A	freec
BS_08WQR40A	manta
BS_09QP7PQA	freec
BS_09QP7PQA	manta
BS_0DT9J904	freec
BS_0DT9J904	manta
BS_0EN5R1AP	cnvkit
BS_0F489H89	freec
BS_0F489H89	manta
BS_0GTTKPSC	freec
BS_0GTTKPSC	manta
BS_0J4JR4PC	freec
BS_0J4JR4PC	manta
BS_0JW2Z9AR	freec
BS_0JW2Z9AR	manta
BS_0PF16SV2	freec
BS_0PF16SV2	manta
BS_0PQA0GGY	freec
BS_0PQA0GGY	manta
BS_0Q8G4N8H	freec
BS_0QPN2RNE	freec
BS_0QPN2RNE	manta
BS_0QTY32QA	cnvkit
BS_0QTY32QA	freec
BS_0QTY32QA	manta
BS_0RBGK29M	cnvkit
BS_0RBGK29M	manta
BS_0T5A16N2	cnvkit
BS_0T5A16N2	manta
BS_0TER803R	cnvkit
BS_0TER803R	freec
BS_0TVNW0MY	freec
BS_0TVNW0MY	manta
BS_0V1W9CHW	freec
BS_0V1W9CHW	manta
BS_0XD58YD9	cnvkit
BS_0XDZKZJ0	cnvkit
BS_0XDZKZJ0	freec
BS_0XDZKZJ0	manta
BS_0XR7GYAV	freec
BS_0Y4VHCMS	cnvkit
BS_0ZR4XA69	cnvkit
BS_10AD3EFX	cnvkit
BS_10V9SAG8	cnvkit
BS_10V9SAG8	manta
BS_11VVPZTP	freec
BS_11VVPZTP	manta
BS_14BSNTXX	freec
BS_14BSNTXX	manta
BS_164KRQJ0	freec
BS_16FT8V4B	cnvkit
BS_16FT8V4B	manta
BS_17AXPP1Y	cnvkit
BS_17CG1SV7	cnvkit
BS_17CG1SV7	freec
BS_17CG1SV7	manta
BS_1ADA48EP	freec
BS_1ADA48EP	manta
BS_1B8ZJ8KK	freec
BS_1B8ZJ8KK	manta
BS_1BR81RGD	cnvkit
BS_1CZPVCXR	freec
BS_1EYKDS0Z	freec
BS_1F4W5QHY	freec
BS_1F4W5QHY	manta
BS_1FR8GJ7N	cnvkit
BS_1G3QX306	cnvkit
BS_1G3QX306	manta
BS_1G5N5R8S	cnvkit
BS_1G5N5R8S	freec
BS_1GQJVG9Q	cnvkit
BS_1GQJVG9Q	freec
BS_1GQJVG9Q	manta
BS_1HXG4A7B	cnvkit
BS_1HXG4A7B	manta
BS_1Q524P3B	cnvkit
BS_1QYRP390	freec
BS_1QYRP390	manta
BS_1S57A8WK	freec
BS_1S57A8WK	manta
BS_1SGVKBTR	freec
BS_1SGVKBTR	manta
BS_1TWPDAAE	freec
BS_1TWPDAAE	manta
BS_1YD0ZQ4R	cnvkit
BS_1YD0ZQ4R	freec
BS_20HSXMYQ	cnvkit
BS_22VCR7DF	cnvkit
BS_255803B6	cnvkit
BS_255803B6	manta
BS_25EXB29C	cnvkit
BS_25EXB29C	freec
BS_276ZNVV7	freec
BS_276ZNVV7	manta
BS_29DZNQYC	cnvkit
BS_29DZNQYC	freec
BS_29MQMSCM	cnvkit
BS_2ABKFT99	cnvkit
BS_2ABKFT99	manta
BS_2C3JJJRC	freec
BS_2C3JJJRC	manta
BS_2E03PR1Q	freec
BS_2E03PR1Q	manta
BS_2EPZDZ8W	freec
BS_2EPZDZ8W	manta
BS_2F5KDZ93	cnvkit
BS_2F5KDZ93	manta
BS_2FPVHEQS	cnvkit
BS_2HW3AHX5	freec
BS_2HW3AHX5	manta
BS_2JAHHF1X	freec
BS_2JAHHF1X	manta
BS_2JKH4PC2	freec
BS_2JKH4PC2	manta
BS_2M61TD7H	freec
BS_2M61TD7H	manta
BS_2MY5XJ78	freec
BS_2MY5XJ78	manta
BS_2N95EW0G	cnvkit
BS_2NPW3A08	cnvkit
BS_2NPW3A08	freec
BS_2P6MH05V	cnvkit
BS_2P6MH05V	manta
BS_2R0QBATZ	cnvkit
BS_2R0QBATZ	manta
BS_2SFR8Z1P	cnvkit
BS_2SFR8Z1P	freec
BS_2SG8JNMB	freec
BS_2TR2MQDB	freec
BS_2TR2MQDB	manta
BS_2TXXRKF2	freec
BS_2TXXRKF2	manta
BS_2WTF7K4G	freec
BS_2WTF7K4G	manta
BS_2X9EVKZ0	cnvkit
BS_2X9EVKZ0	freec
BS_30NT6PNA	cnvkit
BS_30NT6PNA	freec
BS_3564XTTK	cnvkit
BS_35DBPYMN	cnvkit
BS_35DBPYMN	freec
BS_35DBPYMN	manta
BS_36HCZ3KW	manta
BS_36JVG4KY	freec
BS_36JVG4KY	manta
BS_38SSRZJ1	cnvkit
BS_38SSRZJ1	freec
BS_38SSRZJ1	manta
BS_3AKS23A0	cnvkit
BS_3B7YJ6VS	freec
BS_3B7YJ6VS	manta
BS_3CVTNBQ3	cnvkit
BS_3CVTNBQ3	manta
BS_3E174NH3	freec
BS_3E174NH3	manta
BS_3F610AT8	freec
BS_3F610AT8	manta
BS_3J8MWQQ9	cnvkit
BS_3J8MWQQ9	freec
BS_3J8MWQQ9	manta
BS_3KPKZVGX	cnvkit
BS_3KPKZVGX	freec
BS_3KPKZVGX	manta
BS_3S06DW79	cnvkit
BS_3S06DW79	freec
BS_3S06DW79	manta
BS_41TD9XET	freec
BS_42Y9E1Q8	cnvkit
BS_42Y9E1Q8	freec
BS_44GHVA8T	freec
BS_44GHVA8T	manta
BS_4D9SK48F	cnvkit
BS_4D9SK48F	manta
BS_4DQAQFQH	cnvkit
BS_4DQAQFQH	freec
BS_4G4PK2D4	cnvkit
BS_4G4PK2D4	freec
BS_4G4PK2D4	manta
BS_4GHFYCWZ	cnvkit
BS_4H016G4M	freec
BS_4H016G4M	manta
BS_4J4MVGTR	cnvkit
BS_4J4MVGTR	manta
BS_4J8JK335	cnvkit
BS_4K30445P	freec
BS_4K30445P	manta
BS_4KZFMWME	freec
BS_4KZFMWME	manta
BS_4QM16D84	freec
BS_4QM16D84	manta
BS_4RX1AAVV	cnvkit
BS_4RX1AAVV	freec
BS_4VDW6PZJ	cnvkit
BS_4VDW6PZJ	freec
BS_4VDW6PZJ	manta
BS_4VKRBRJC	cnvkit
BS_4VKRBRJC	freec
BS_4VKRBRJC	manta
BS_4WSW3X49	cnvkit
BS_4ZE1R1FW	cnvkit
BS_4ZE1R1FW	freec
BS_4ZE1R1FW	manta
BS_509Y9HAC	freec
BS_509Y9HAC	manta
BS_50FRT2WZ	freec
BS_50FRT2WZ	manta
BS_54N90X5G	freec
BS_54N90X5G	manta
BS_55AHFCX4	cnvkit
BS_55AHFCX4	manta
BS_55EM1SYG	freec
BS_55EM1SYG	manta
BS_55PH1SAS	cnvkit
BS_55PH1SAS	manta
BS_56CA6BFQ	cnvkit
BS_588QYDB1	cnvkit
BS_588QYDB1	freec
BS_588QYDB1	manta
BS_58BNWGKJ	freec
BS_58BNWGKJ	manta
BS_58X7SKJS	cnvkit
BS_5968GBGT	cnvkit
BS_5968GBGT	freec
BS_59BAHXTQ	cnvkit
BS_59BAHXTQ	freec
BS_59FR1NC2	freec
BS_5ACNB1BG	cnvkit
BS_5ACNB1BG	freec
BS_5BB8J64W	cnvkit
BS_5BFNH9S6	cnvkit
BS_5BFNH9S6	freec
BS_5BFNH9S6	manta
BS_5CR48ZM7	cnvkit
BS_5DXK26YF	cnvkit
BS_5GXQPDM0	freec
BS_5GXQPDM0	manta
BS_5J1YMJFJ	freec
BS_5J1YMJFJ	manta
BS_5J5VH3X0	cnvkit
BS_5NAKYS1S	freec
BS_5PEA35TB	cnvkit
BS_5PEA35TB	freec
BS_5Q092D26	freec
BS_5Q092D26	manta
BS_5QFRPR61	cnvkit
BS_5QH5QN34	freec
BS_5QH5QN34	manta
BS_5V2XCW17	freec
BS_5V568HCM	cnvkit
BS_5V568HCM	freec
BS_5V568HCM	manta
BS_62QS60W1	freec
BS_62QS60W1	manta
BS_633H59TT	freec
BS_633H59TT	manta
BS_64FRMQ0X	freec
BS_64FRMQ0X	manta
BS_64P50TAP	cnvkit
BS_64P50TAP	manta
BS_65F8T6N7	cnvkit
BS_65F8T6N7	manta
BS_67742YD9	freec
BS_67742YD9	manta
BS_69KVWAWK	cnvkit
BS_6AENZKKA	cnvkit
BS_6AENZKKA	freec
BS_6DXZWA9R	freec
BS_6DXZWA9R	manta
BS_6F49F7WH	freec
BS_6FA0NNF1	cnvkit
BS_6FA0NNF1	manta
BS_6FVTM4M0	freec
BS_6FVTM4M0	manta
BS_6GD2WY52	freec
BS_6GD2WY52	manta
BS_6HB5SWHB	freec
BS_6HB5SWHB	manta
BS_6JBE0947	cnvkit
BS_6K2SSJ77	cnvkit
BS_6K2SSJ77	manta
BS_6KH6CXMH	cnvkit
BS_6KH6CXMH	freec
BS_6KH6CXMH	manta
BS_6MB17VDK	freec
BS_6MB17VDK	manta
BS_6PF7MREF	freec
BS_6PF7MREF	manta
BS_6PFZPERB	freec
BS_6PFZPERB	manta
BS_6PKF4RCZ	freec
BS_6PKF4RCZ	manta
BS_6S50RDHT	cnvkit
BS_6S50RDHT	freec
BS_6S50RDHT	manta
BS_6TDP5PG8	cnvkit
BS_6TDP5PG8	freec
BS_6TDP5PG8	manta
BS_6Z4WHYDG	cnvkit
BS_742CDKAS	freec
BS_74A1TB03	cnvkit
BS_75CB0SFJ	freec
BS_75CB0SFJ	manta
BS_75HW641M	cnvkit
BS_75HW641M	manta
BS_76SQJSHP	cnvkit
BS_76SQJSHP	manta
BS_78WMYFPB	freec
BS_78WMYFPB	manta
BS_79MBTVKE	freec
BS_79MBTVKE	manta
BS_79NQJZ09	freec
BS_79SYEHY3	freec
BS_7AMH32Y7	cnvkit
BS_7AMH32Y7	freec
BS_7AMH32Y7	manta
BS_7BJQNVK8	cnvkit
BS_7C8KKJGS	freec
BS_7C8KKJGS	manta
BS_7D1HBP3E	freec
BS_7D1HBP3E	manta
BS_7F07M7JG	freec
BS_7HRQNWJY	cnvkit
BS_7HRQNWJY	freec
BS_7HRQNWJY	manta
BS_7JEQAZQ9	freec
BS_7JEQAZQ9	manta
BS_7MK3VZTF	freec
BS_7MK3VZTF	manta
BS_7MXT22QP	cnvkit
BS_7MXT22QP	manta
BS_7NXB23C9	cnvkit
BS_7PF3C1P7	freec
BS_7Q3PF5X6	cnvkit
BS_7Q3PF5X6	freec
BS_7Q3PF5X6	manta
BS_7S8KSFRC	cnvkit
BS_7S8KSFRC	freec
BS_7S8KSFRC	manta
BS_7W42FH5A	cnvkit
BS_7W42FH5A	freec
BS_7ZT919XN	cnvkit
BS_7ZT919XN	freec
BS_7ZT919XN	manta
BS_808H2FQN	cnvkit
BS_8313ZZ6E	freec
BS_8313ZZ6E	manta
BS_85Y70BHE	freec
BS_87J6X9KJ	cnvkit
BS_87J6X9KJ	manta
BS_88BVXTD6	freec
BS_88BVXTD6	manta
BS_89RCN9PF	freec
BS_89V49XKJ	cnvkit
BS_89V49XKJ	manta
BS_8BD8WD38	freec
BS_8BS10XE2	freec
BS_8C5QG3GE	cnvkit
BS_8C5QG3GE	manta
BS_8D7YYP13	cnvkit
BS_8D7YYP13	manta
BS_8DB19DYW	cnvkit
BS_8DB19DYW	manta
BS_8FYZMP93	cnvkit
BS_8H2XX24V	freec
BS_8JTH2X5Z	cnvkit
BS_8JTH2X5Z	freec
BS_8JTH2X5Z	manta
BS_8MJNDM75	cnvkit
BS_8N2RSTZ8	freec
BS_8N2RSTZ8	manta
BS_8N7SEJ8G	freec
BS_8N7SEJ8G	manta
BS_8Q8N6AHW	cnvkit
BS_8RQFN1D2	freec
BS_8RQFN1D2	manta
BS_8S0EDFTP	cnvkit
BS_8S2CZBA6	freec
BS_8WAAK6KT	freec
BS_8WAAK6KT	manta
BS_8WJ1GFG1	freec
BS_8WJ1GFG1	manta
BS_8WJR4AA3	cnvkit
BS_8XDZQKSD	cnvkit
BS_8ZFK0D8Z	cnvkit
BS_8ZFK0D8Z	freec
BS_920FGZAB	freec
BS_920FGZAB	manta
BS_92YFTG9R	cnvkit
BS_92YFTG9R	freec
BS_92YFTG9R	manta
BS_930M10KN	freec
BS_930M10KN	manta
BS_93JTPAGW	freec
BS_93JTPAGW	manta
BS_95PV1RRY	cnvkit
BS_95PV1RRY	freec
BS_95PV1RRY	manta
BS_96S0VQBN	freec
BS_9948DY03	freec
BS_9948DY03	manta
BS_9BN45DFK	freec
BS_9BZBCZHK	cnvkit
BS_9BZBCZHK	freec
BS_9BZBCZHK	manta
BS_9CPZ5R1T	cnvkit
BS_9DM8H1RX	cnvkit
BS_9DM8H1RX	freec
BS_9DMS9Z8S	freec
BS_9DMS9Z8S	manta
BS_9G2RB0V8	cnvkit
BS_9G2RB0V8	manta
BS_9GJHMA3J	cnvkit
BS_9JVGXA2W	freec
BS_9M49SGAQ	freec
BS_9ND96NYZ	cnvkit
BS_9ND96NYZ	freec
BS_9P1H3TEF	freec
BS_9P1H3TEF	manta
BS_9P4NDTKJ	cnvkit
BS_9P4NDTKJ	freec
BS_9PEJSEZG	cnvkit
BS_9PEJSEZG	manta
BS_9PRG9CJC	cnvkit
BS_9Q7P8B9M	freec
BS_9Q7P8B9M	manta
BS_9R82A3VT	cnvkit
BS_9RDM2D5C	freec
BS_9RDM2D5C	manta
BS_9VCSVTHV	freec
BS_9VCSVTHV	manta
BS_9WEBE5PM	freec
BS_9WEBE5PM	manta
BS_9X9E86DY	cnvkit
BS_9YMT5HB4	cnvkit
BS_9Z9T3DT7	freec
BS_9Z9T3DT7	manta
BS_9ZDR2H7D	cnvkit
BS_9ZDR2H7D	manta
BS_A11S37GE	cnvkit
BS_A11S37GE	manta
BS_A1DV9T7G	cnvkit
BS_A1DV9T7G	freec
BS_A2Z4DDQS	cnvkit
BS_A3K94FCY	cnvkit
BS_A3K94FCY	manta
BS_A47Q27XF	freec
BS_A47Q27XF	manta
BS_A4T3HE85	freec
BS_A4T3HE85	manta
BS_A527Y2QF	cnvkit
BS_A527Y2QF	manta
BS_A5AQFAFA	cnvkit
BS_A5AQFAFA	manta
BS_A94A7EJ4	freec
BS_A9S5HT6P	cnvkit
BS_A9S5HT6P	freec
BS_ABZC437A	cnvkit
BS_ABZC437A	freec
BS_ABZC437A	manta
BS_ACCE0MEA	cnvkit
BS_ACCE0MEA	manta
BS_ACDQRWMY	cnvkit
BS_ACDQRWMY	manta
BS_ACE6QKVF	freec
BS_ACMAGPPE	freec
BS_ACMAGPPE	manta
BS_AE718N55	cnvkit
BS_AE718N55	manta
BS_AF5D41PD	cnvkit
BS_AFAHY6HP	cnvkit
BS_AFAHY6HP	manta
BS_AFBPM6CN	cnvkit
BS_AGD2ATY1	cnvkit
BS_AHT9PKVE	cnvkit
BS_AHT9PKVE	freec
BS_AJMN6H13	freec
BS_AJMN6H13	manta
BS_AK9BV52G	cnvkit
BS_AKFZ2WVR	freec
BS_AKFZ2WVR	manta
BS_AM2TZPNS	cnvkit
BS_AM2TZPNS	manta
BS_APY3G22J	cnvkit
BS_ASXY97FK	freec
BS_AVS4DSZW	cnvkit
BS_AWDQEKK1	cnvkit
BS_AWW96J4B	freec
BS_AWW96J4B	manta
BS_AYPBAHJ6	freec
BS_AZ6KVKC4	cnvkit
BS_B2RYV4GG	cnvkit
BS_B2RYV4GG	manta
BS_B3RH9V17	freec
BS_B4GBBM0J	cnvkit
BS_B4GBBM0J	freec
BS_B4GBBM0J	manta
BS_B5MDTA3Q	cnvkit
BS_B6E0477K	cnvkit
BS_B6E0477K	manta
BS_B7NS4GEE	freec
BS_B7NS4GEE	manta
BS_B80Z459E	cnvkit
BS_B80Z459E	freec
BS_B91XGSA5	freec
BS_B95NMCYN	cnvkit
BS_B95NMCYN	manta
BS_BAVWP5JG	freec
BS_BBK329W5	cnvkit
BS_BBK329W5	manta
BS_BBMTN7JM	freec
BS_BBMTN7JM	manta
BS_BF83XX7P	cnvkit
BS_BFSZW2CB	freec
BS_BFSZW2CB	manta
BS_BHKAK446	cnvkit
BS_BHKAK446	manta
BS_BJCTR4C8	cnvkit
BS_BM95DGCQ	freec
BS_BNPXDDS7	freec
BS_BNPXDDS7	manta
BS_BPXHZ3Y0	cnvkit
BS_BQ7KF7H1	freec
BS_BQ7KF7H1	manta
BS_BR1X3R68	freec
BS_BR40BA47	freec
BS_BR40BA47	manta
BS_BTRGQHM4	cnvkit
BS_BVAVPKKN	cnvkit
BS_BVBGZJ1C	freec
BS_BVBGZJ1C	manta
BS_BZW66BK2	freec
BS_BZW66BK2	manta
BS_C12CV8CF	freec
BS_C12CV8CF	manta
BS_C2FYP4KW	cnvkit
BS_C2FYP4KW	manta
BS_C3KT9THS	cnvkit
BS_C3KT9THS	freec
BS_C6QTRJ00	freec
BS_C6QTRJ00	manta
BS_C8T56CWR	cnvkit
BS_C8T56CWR	freec
BS_C8TXNSY3	freec
BS_C8TXNSY3	manta
BS_C9YD10Y4	cnvkit
BS_C9YD10Y4	manta
BS_CASJWEZE	freec
BS_CASJWEZE	manta
BS_CAXD5ZG6	freec
BS_CAXD5ZG6	manta
BS_CBSFB498	freec
BS_CBSFB498	manta
BS_CC0HQAZ9	freec
BS_CC0HQAZ9	manta
BS_CD6KRB1K	cnvkit
BS_CD6KRB1K	manta
BS_CDVYZ020	freec
BS_CDVYZ020	manta
BS_CEXX4K9B	cnvkit
BS_CEXX4K9B	freec
BS_CEXX4K9B	manta
BS_CG9KDK95	cnvkit
BS_CGCNC41M	cnvkit
BS_CGGJZ5Q1	cnvkit
BS_CGGJZ5Q1	freec
BS_CGGJZ5Q1	manta
BS_CH0ZV29W	cnvkit
BS_CH0ZV29W	manta
BS_CJ0E9FNC	freec
BS_CJ0E9FNC	manta
BS_CKVK1AYV	cnvkit
BS_CKVK1AYV	freec
BS_CKVSHYT9	freec
BS_CKVSHYT9	manta
BS_CP8741SX	cnvkit
BS_CPGZYTHM	cnvkit
BS_CPGZYTHM	freec
BS_CPVAENZW	cnvkit
BS_CPVAENZW	freec
BS_CPVAENZW	manta
BS_CPYV7AHD	freec
BS_CQ40NN4X	cnvkit
BS_CQ40NN4X	manta
BS_CQC29CK5	cnvkit
BS_CQC29CK5	manta
BS_CWPHVM94	cnvkit
BS_CXCKHP3Z	freec
BS_CXCZEZCS	freec
BS_CXCZEZCS	manta
BS_D09VWF8H	cnvkit
BS_D0VGGE9Y	freec
BS_D0VGGE9Y	manta
BS_D3N3FG7Y	cnvkit
BS_D5VCY8WQ	freec
BS_D5VCY8WQ	manta
BS_D6STCMQS	cnvkit
BS_D7442ACV	cnvkit
BS_D7442ACV	manta
BS_D8H43Q28	cnvkit
BS_D8H43Q28	freec
BS_D8H43Q28	manta
BS_D99MYDP7	freec
BS_D99MYDP7	manta
BS_D9BP1QN2	cnvkit
BS_D9BP1QN2	manta
BS_DAX3YVG0	cnvkit
BS_DAX3YVG0	freec
BS_DAX3YVG0	manta
BS_DB1R553P	freec
BS_DB1R553P	manta
BS_DBV7S78S	freec
BS_DBV7S78S	manta
BS_DFJYRYV1	cnvkit
BS_DGV11G69	cnvkit
BS_DGV11G69	manta
BS_DHC9SHF6	cnvkit
BS_DHC9SHF6	manta
BS_DK4EQQ3J	freec
BS_DK4EQQ3J	manta
BS_DMBG5TE8	freec
BS_DMBG5TE8	manta
BS_DMBNB0EP	cnvkit
BS_DQ5RVSH4	freec
BS_DQ5RVSH4	manta
BS_DRN0PZ3H	cnvkit
BS_DRN0PZ3H	freec
BS_DRN0PZ3H	manta
BS_DVDT4VXQ	cnvkit
BS_DWYR5CTE	cnvkit
BS_DWYR5CTE	manta
BS_DZ998H9P	cnvkit
BS_E0174C23	freec
BS_E0174C23	manta
BS_E2EXBFN7	cnvkit
BS_E2EXBFN7	manta
BS_E4N511ZX	cnvkit
BS_E4N511ZX	freec
BS_E4N511ZX	manta
BS_E4V8XN3G	cnvkit
BS_E4V8XN3G	manta
BS_E5H6CFYT	freec
BS_E7CRT00M	cnvkit
BS_E7W5SHNY	freec
BS_E7W5SHNY	manta
BS_E88G2GGG	freec
BS_E88G2GGG	manta
BS_E8SJ36A6	cnvkit
BS_E9QPR0QG	freec
BS_E9QPR0QG	manta
BS_E9YW2KHS	cnvkit
BS_E9YW2KHS	freec
BS_E9YW2KHS	manta
BS_EBBJ0AFX	freec
BS_EBBJ0AFX	manta
BS_EDGSP4V6	cnvkit
BS_EDGSP4V6	freec
BS_EE2YW499	cnvkit
BS_EE2YW499	freec
BS_EE2YW499	manta
BS_EE73VE7V	cnvkit
BS_EERGD92W	freec
BS_EERGD92W	manta
BS_EFBBP9H3	cnvkit
BS_EG75B8PP	freec
BS_EG75B8PP	manta
BS_EGT2QA6B	cnvkit
BS_EGT2QA6B	freec
BS_EGT2QA6B	manta
BS_EHBQTTN9	freec
BS_EHBQTTN9	manta
BS_EJVZKNNR	freec
BS_EJVZKNNR	manta
BS_EMSTCCGC	freec
BS_EMSTCCGC	manta
BS_EQE447QB	cnvkit
BS_EQE447QB	manta
BS_ER4N48J3	freec
BS_ER4N48J3	manta
BS_ER6ZP72Y	freec
BS_ER6ZP72Y	manta
BS_ERAWW3H7	cnvkit
BS_ERMGD2N5	cnvkit
BS_ERMGD2N5	freec
BS_EWNSDJ7V	cnvkit
BS_EWNSDJ7V	manta
BS_EXDY4JFF	cnvkit
BS_F0MRP82D	freec
BS_F0MRP82D	manta
BS_F0QMZF54	freec
BS_F0QMZF54	manta
BS_F3ZZ4BXE	cnvkit
BS_F5KRHGKC	cnvkit
BS_F6MNG2S0	cnvkit
BS_F6MNG2S0	freec
BS_F92J3KBA	cnvkit
BS_FAEHNS3Q	cnvkit
BS_FAX0J8SY	freec
BS_FAX0J8SY	manta
BS_FCP8V8F4	freec
BS_FCP8V8F4	manta
BS_FF73TT6D	freec
BS_FG649AWK	cnvkit
BS_FJ10FKM8	freec
BS_FJ10FKM8	manta
BS_FJEZ3ASV	freec
BS_FJP95JXF	cnvkit
BS_FJP95JXF	manta
BS_FK3DPAWA	cnvkit
BS_FK3DPAWA	manta
BS_FR9R7VFY	cnvkit
BS_FR9R7VFY	manta
BS_FSK0S8YJ	freec
BS_FSK0S8YJ	manta
BS_FSKBH2QE	freec
BS_FSKBH2QE	manta
BS_FSNCPJJF	cnvkit
BS_FSNCPJJF	freec
BS_FSNCPJJF	manta
BS_FV0C303D	cnvkit
BS_FV0C303D	freec
BS_FVYBGMG1	cnvkit
BS_FXG6F3NN	cnvkit
BS_FXG6F3NN	freec
BS_FYJMNRGK	freec
BS_G4EX0H98	freec
BS_G4W213NW	cnvkit
BS_G4W213NW	manta
BS_G67DMFPY	freec
BS_G67DMFPY	manta
BS_G6ASNYWP	cnvkit
BS_G6ASNYWP	manta
BS_G8JVX0Y6	cnvkit
BS_G8JVX0Y6	freec
BS_G8JVX0Y6	manta
BS_GAA781GQ	cnvkit
BS_GAA781GQ	manta
BS_GBFJT6B8	freec
BS_GBFJT6B8	manta
BS_GBS4JMAZ	cnvkit
BS_GBS4JMAZ	freec
BS_GCX9P9WW	freec
BS_GCX9P9WW	manta
BS_GFN4FETJ	cnvkit
BS_GFN4FETJ	freec
BS_GFN4FETJ	manta
BS_GHGZR508	cnvkit
BS_GHGZR508	freec
BS_GHGZR508	manta
BS_GJ6V6AFB	freec
BS_GJ6V6AFB	manta
BS_GJ7DEJ6A	freec
BS_GJ7DEJ6A	manta
BS_GJTA6W7D	freec
BS_GJTA6W7D	manta
BS_GN48HWW8	freec
BS_GN48HWW8	manta
BS_GNETMRJF	cnvkit
BS_GNETMRJF	freec
BS_GPNWSW71	cnvkit
BS_GPXZ2NQB	cnvkit
BS_GRJ3CN0E	freec
BS_GRJ3CN0E	manta
BS_GS9JCK55	freec
BS_GSP3VZ42	freec
BS_GSP3VZ42	manta
BS_GXACEYKB	freec
BS_GZ39V8AK	cnvkit
BS_GZ39V8AK	freec
BS_GZ39V8AK	manta
BS_GZG7GH62	cnvkit
BS_H0MVFRCE	cnvkit
BS_H0MVFRCE	freec
BS_H0MVFRCE	manta
BS_H18ZNTNR	cnvkit
BS_H18ZNTNR	freec
BS_H18ZNTNR	manta
BS_H2VM49X1	freec
BS_H2VM49X1	manta
BS_H3TFMS12	freec
BS_H3TFMS12	manta
BS_H50HR85Y	freec
BS_H5GG77KB	freec
BS_H5GG77KB	manta
BS_H68W3CE8	cnvkit
BS_H68W3CE8	manta
BS_H7T26DMD	cnvkit
BS_H7T26DMD	freec
BS_H8RFBM07	freec
BS_H8RFBM07	manta
BS_H915DJY3	cnvkit
BS_HBAKYKQM	freec
BS_HC01D8JV	freec
BS_HC01D8JV	manta
BS_HCWEF4QN	cnvkit
BS_HCWEF4QN	manta
BS_HE9SGQRY	freec
BS_HE9SGQRY	manta
BS_HEP8QTNN	cnvkit
BS_HG862RR7	freec
BS_HG862RR7	manta
BS_HGNSF36D	freec
BS_HGNSF36D	manta
BS_HN8DE43A	cnvkit
BS_HPFXMMKF	freec
BS_HPFXMMKF	manta
BS_HQC1EKZ8	cnvkit
BS_HQC1EKZ8	freec
BS_HQC1EKZ8	manta
BS_HQNBAC1K	freec
BS_HQNBAC1K	manta
BS_HQYHVPC9	cnvkit
BS_HQYHVPC9	freec
BS_HSEZQGA0	freec
BS_HSEZQGA0	manta
BS_HTGDSPQA	freec
BS_HW4MYBZ2	cnvkit
BS_HW4MYBZ2	manta
BS_HXFX1HGG	freec
BS_HXFX1HGG	manta
BS_HXKC8MTV	freec
BS_HXKC8MTV	manta
BS_HYGK88B0	manta
BS_HYKV2TH9	cnvkit
BS_HYX0M8VM	cnvkit
BS_HYX0M8VM	freec
BS_HZKJMB0D	cnvkit
BS_HZKJMB0D	manta
BS_J1ETVA6N	freec
BS_J1ETVA6N	manta
BS_J2DA5W77	cnvkit
BS_J3448NCS	freec
BS_J3448NCS	manta
BS_J36GR09E	freec
BS_J36GR09E	manta
BS_J3707KE2	cnvkit
BS_J3707KE2	freec
BS_J5C6FMYZ	cnvkit
BS_J5C6FMYZ	manta
BS_J6FPW4H0	cnvkit
BS_J6FPW4H0	freec
BS_J6FPW4H0	manta
BS_J77SSWMK	freec
BS_J77SSWMK	manta
BS_J8EH1N7V	cnvkit
BS_J8EH1N7V	freec
BS_J8EK6RNF	freec
BS_J8YAY1HM	cnvkit
BS_J8YAY1HM	manta
BS_JBKJSXQJ	cnvkit
BS_JBKJSXQJ	freec
BS_JBKJSXQJ	manta
BS_JC8YV5V9	cnvkit
BS_JC8YV5V9	freec
BS_JDNQ618V	freec
BS_JDNQ618V	manta
BS_JGKRN7NA	cnvkit
BS_JGVTE14P	cnvkit
BS_JGVTE14P	freec
BS_JM979K1M	freec
BS_JN793TMZ	freec
BS_JN793TMZ	manta
BS_JQ0XD1K9	cnvkit
BS_JQ0XD1K9	freec
BS_JQNF0FQP	cnvkit
BS_JR18MP1K	freec
BS_JR18MP1K	manta
BS_JRCYAWQM	freec
BS_JRCYAWQM	manta
BS_JRXWDYRY	freec
BS_JRXWDYRY	manta
BS_JTP91S1A	cnvkit
BS_JTP91S1A	freec
BS_JTP91S1A	manta
BS_JV1GTZ1Q	cnvkit
BS_JXCHEAM6	freec
BS_JXCHEAM6	manta
BS_JXVVZ2S8	cnvkit
BS_JY9MY41C	freec
BS_JY9MY41C	manta
BS_JYX7TE5C	freec
BS_JYX7TE5C	manta
BS_JZFMHGNX	cnvkit
BS_JZFMHGNX	manta
BS_JZVRWQ09	freec
BS_JZVRWQ09	manta
BS_K14VJ1E3	cnvkit
BS_K14VJ1E3	manta
BS_K2C081JA	freec
BS_K2C081JA	manta
BS_K2K5YSDS	cnvkit
BS_K4MPT568	freec
BS_K4MPT568	manta
BS_K5DHTP34	cnvkit
BS_K5DHTP34	freec
BS_K62HBS01	cnvkit
BS_K62HBS01	freec
BS_K62HBS01	manta
BS_K74RJFPR	freec
BS_K74RJFPR	manta
BS_K9P9N35B	cnvkit
BS_K9P9N35B	manta
BS_KCN7NG92	freec
BS_KE5D12KG	cnvkit
BS_KFRBXXV7	freec
BS_KSHETTQC	freec
BS_KTHF096D	cnvkit
BS_KTHF096D	freec
BS_KTHF096D	manta
BS_KVK0EK6A	freec
BS_KVK0EK6A	manta
BS_KXRFQF5N	cnvkit
BS_KYPMZZSY	cnvkit
BS_KZT7FAEW	freec
BS_KZT7FAEW	manta
BS_M0FCBD70	freec
BS_M0FCBD70	manta
BS_M0N8YXTA	cnvkit
BS_M0N8YXTA	freec
BS_M0N8YXTA	manta
BS_M1TDS9CT	freec
BS_M7D3Q30Z	cnvkit
BS_M92FDP4B	freec
BS_M92FDP4B	manta
BS_M9M4S6CS	freec
BS_M9M4S6CS	manta
BS_MA4DE9P2	cnvkit
BS_MA4DE9P2	manta
BS_MCCJ3EMF	cnvkit
BS_MCCJ3EMF	freec
BS_MCM78YPC	freec
BS_MDNWRP9F	freec
BS_MDNWRP9F	manta
BS_MDVMT75X	cnvkit
BS_MGY2V5N4	freec
BS_MJ2H7ZT3	cnvkit
BS_MJ2H7ZT3	freec
BS_MJ8EGM54	cnvkit
BS_MJ8EGM54	freec
BS_MMBWD5VD	cnvkit
BS_MMBWD5VD	freec
BS_MMCZHZE6	cnvkit
BS_MQ6RKJCD	cnvkit
BS_MQ6RKJCD	manta
BS_MRCM186Y	freec
BS_MRCM186Y	manta
BS_MST74C4R	freec
BS_MST74C4R	manta
BS_MTQ7F28J	cnvkit
BS_MTQ7F28J	freec
BS_MTQ7F28J	manta
BS_MW0JYGG1	cnvkit
BS_MW74GF38	freec
BS_MWXDJFWW	cnvkit
BS_MXPZA09B	freec
BS_MXPZA09B	manta
BS_MYVQ8YDT	cnvkit
BS_MYVQ8YDT	manta
BS_MZB884N9	cnvkit
BS_MZB884N9	freec
BS_N37GXW36	freec
BS_N37GXW36	manta
BS_N6QG83SR	cnvkit
BS_N6QG83SR	freec
BS_N6QG83SR	manta
BS_N799CC1A	freec
BS_N799CC1A	manta
BS_N79VFRBC	freec
BS_N79VFRBC	manta
BS_N800J1J4	freec
BS_N800J1J4	manta
BS_N9N1X78X	cnvkit
BS_N9SMBR24	cnvkit
BS_NAJP765Y	freec
BS_NAJP765Y	manta
BS_NB0ESCXK	cnvkit
BS_NB0ESCXK	freec
BS_NB0ESCXK	manta
BS_NFT9VHMJ	freec
BS_NGBKDYFB	cnvkit
BS_NHJ3QDZH	freec
BS_NHJ3QDZH	manta
BS_NHVKRX7J	freec
BS_NHVKRX7J	manta
BS_NK1FJNRG	cnvkit
BS_NK1JG9GP	freec
BS_NK1JG9GP	manta
BS_NMN0R7R2	cnvkit
BS_NMN0R7R2	freec
BS_NMN0R7R2	manta
BS_NMQTPVFW	cnvkit
BS_NMQTPVFW	freec
BS_NNH2A86D	cnvkit
BS_NNH2A86D	manta
BS_NNKD5B9Y	cnvkit
BS_NNKD5B9Y	freec
BS_NNKD5B9Y	manta
BS_NQN1P6QY	cnvkit
BS_NQN1P6QY	manta
BS_NTCN3WCM	freec
BS_NTCN3WCM	manta
BS_NV00B2Y5	cnvkit
BS_NV9ZB445	cnvkit
BS_NVAYK43V	cnvkit
BS_NVAYK43V	freec
BS_NVAYK43V	manta
BS_NVCBHA84	cnvkit
BS_NVCBHA84	freec
BS_NVCBHA84	manta
BS_NVJJJ7MT	cnvkit
BS_NWCPQC60	cnvkit
BS_NWTKPAV9	freec
BS_NWTKPAV9	manta
BS_NX91DYXQ	cnvkit
BS_NX91DYXQ	freec
BS_NZCJMYH9	freec
BS_NZCJMYH9	manta
BS_P0BHM8S1	cnvkit
BS_P2T68QZV	freec
BS_P2T68QZV	manta
BS_P4C0QJ9K	cnvkit
BS_P5VHEN5Q	cnvkit
BS_P5VHEN5Q	manta
BS_P69A72G2	cnvkit
BS_P6FPBJM8	cnvkit
BS_P6FPBJM8	freec
BS_P6FPBJM8	manta
BS_P8X3GAEP	cnvkit
BS_P8X3GAEP	manta
BS_P93093QW	freec
BS_P93093QW	manta
BS_P9FWPEYY	cnvkit
BS_P9FWPEYY	freec
BS_P9VA8HX8	freec
BS_P9VA8HX8	manta
BS_P9W411VE	freec
BS_P9W411VE	manta
BS_PDWEETXG	cnvkit
BS_PEFRDKDZ	freec
BS_PEGDA8G2	freec
BS_PEGDA8G2	manta
BS_PGBR1H2A	cnvkit
BS_PGBR1H2A	manta
BS_PGDE47KX	cnvkit
BS_PGDE47KX	freec
BS_PGDE47KX	manta
BS_PGE89BTK	freec
BS_PGE89BTK	manta
BS_PJT80SDC	freec
BS_PJT80SDC	manta
BS_PKHXM1NB	cnvkit
BS_PKZ1HWNB	freec
BS_PMFR8NPN	freec
BS_PNF2SHN9	cnvkit
BS_PNF2SHN9	freec
BS_PNF2SHN9	manta
BS_PQFKEKEW	cnvkit
BS_PS8TB6Z0	cnvkit
BS_PWNFRYW3	cnvkit
BS_PWNFRYW3	freec
BS_PWNFRYW3	manta
BS_PWXXZMSR	cnvkit
BS_PWXXZMSR	freec
BS_Q29W3F4C	freec
BS_Q29W3F4C	manta
BS_Q3W8493R	freec
BS_Q3W8493R	manta
BS_Q4PTDFKS	cnvkit
BS_Q5A2YV3K	freec
BS_Q5A2YV3K	manta
BS_Q6H19RN2	cnvkit
BS_Q6H19RN2	freec
BS_Q6H19RN2	manta
BS_QA82D9SK	freec
BS_QA82D9SK	manta
BS_QCGPE1ZX	freec
BS_QCGPE1ZX	manta
BS_QCP0VAZ7	cnvkit
BS_QCP0VAZ7	freec
BS_QCP0VAZ7	manta
BS_QDMDQ3E3	cnvkit
BS_QDMDQ3E3	freec
BS_QDRHQSPZ	cnvkit
BS_QEKBZRMD	cnvkit
BS_QEKBZRMD	freec
BS_QHTDJG77	freec
BS_QKTJ4QY9	cnvkit
BS_QMG7XNEW	freec
BS_QN6EXK06	freec
BS_QN6EXK06	manta
BS_QNQDTDCS	cnvkit
BS_QNQDTDCS	manta
BS_QSMFVHSB	freec
BS_QSTNH2MJ	cnvkit
BS_QVKVT84J	freec
BS_QVKVT84J	manta
BS_QWC51APP	cnvkit
BS_QWC51APP	freec
BS_QWC51APP	manta
BS_QWX24M4X	cnvkit
BS_QWX24M4X	manta
BS_QXZTRMWM	manta
BS_QXZZY4SJ	cnvkit
BS_QZAV7XVF	cnvkit
BS_QZAV7XVF	manta
BS_QZRP3NSG	freec
BS_R0WH31Q0	cnvkit
BS_R13WNSAR	cnvkit
BS_R13WNSAR	manta
BS_R1YG2078	freec
BS_R1YG2078	manta
BS_R2G2TPBV	cnvkit
BS_R3WB0PP7	cnvkit
BS_R66Z3ENM	cnvkit
BS_R7V1PTXG	freec
BS_R7V1PTXG	manta
BS_R8696FBC	freec
BS_R8696FBC	manta
BS_R8VDZBP4	freec
BS_R8VDZBP4	manta
BS_R8ZKDFWH	freec
BS_RA5HNMDP	cnvkit
BS_RD4H0EJ2	cnvkit
BS_RD4H0EJ2	freec
BS_RD4H0EJ2	manta
BS_RFEDCJTP	cnvkit
BS_RFEDCJTP	manta
BS_RGSJMSRE	freec
BS_RMKCB0F4	freec
BS_RMKCB0F4	manta
BS_RQZZ6T97	cnvkit
BS_RR3T675W	cnvkit
BS_RR3T675W	freec
BS_RR3T675W	manta
BS_RS19PK36	freec
BS_RS19PK36	manta
BS_RSCWKCED	freec
BS_RSCWKCED	manta
BS_RWMK6R6A	freec
BS_RWMK6R6A	manta
BS_RXP6GA86	freec
BS_RXP6GA86	manta
BS_RZF7WFQP	freec
BS_RZF7WFQP	manta
BS_S01K6QB0	freec
BS_S01K6QB0	manta
BS_S0T1WT6R	cnvkit
BS_S0T1WT6R	manta
BS_S2PNHJKQ	freec
BS_S2PNHJKQ	manta
BS_S34SCYW4	cnvkit
BS_S4R97RNZ	cnvkit
BS_S5MF78S9	cnvkit
BS_S5MF78S9	freec
BS_S5MF78S9	manta
BS_S6NJGQA8	freec
BS_S6NJGQA8	manta
BS_S7S6YEHA	cnvkit
BS_S7S6YEHA	manta
BS_S8Q6R8MX	cnvkit
BS_S8STY9B1	cnvkit
BS_S8STY9B1	manta
BS_SAC1P2G7	freec
BS_SAC1P2G7	manta
BS_SC340MKT	cnvkit
BS_SC340MKT	freec
BS_SC340MKT	manta
BS_SCY9WCJ4	freec
BS_SCY9WCJ4	manta
BS_SDT1J3A7	cnvkit
BS_SDXP82M8	freec
BS_SDXP82M8	manta
BS_SFH8TGKT	freec
BS_SFQWVZ4N	cnvkit
BS_SFQWVZ4N	manta
BS_SFZ3A07S	cnvkit
BS_SG4NX86S	cnvkit
BS_SG4NX86S	freec
BS_SG4NX86S	manta
BS_SGAMQX8B	freec
BS_SGAMQX8B	manta
BS_SGRCCAVT	cnvkit
BS_SJ61C4WP	freec
BS_SJ61C4WP	manta
BS_SM9DDR7N	freec
BS_SM9DDR7N	manta
BS_SMJRCVQB	cnvkit
BS_SMJRCVQB	manta
BS_SPGHWHXY	cnvkit
BS_SPGHWHXY	freec
BS_SPGHWHXY	manta
BS_SSHQFYA8	cnvkit
BS_SSHQFYA8	freec
BS_SSHQFYA8	manta
BS_SSS5J8P5	cnvkit
BS_ST3Z2B9B	manta
BS_STK02B14	cnvkit
BS_STK02B14	freec
BS_STYAB6X1	cnvkit
BS_STYAB6X1	freec
BS_STYAB6X1	manta
BS_SWHQ8FDW	freec
BS_SWHQ8FDW	manta
BS_SXF4C1KR	freec
BS_SXF4C1KR	manta
BS_SXVVN52M	cnvkit
BS_SXVVN52M	freec
BS_SY6CCX4G	cnvkit
BS_SY6CCX4G	freec
BS_SY6CCX4G	manta
BS_SYQG48V0	cnvkit
BS_SYSZCYYZ	cnvkit
BS_SYSZCYYZ	manta
BS_T4H510E2	freec
BS_T4H510E2	manta
BS_T59M97VK	freec
BS_T59M97VK	manta
BS_T5BAS1JN	cnvkit
BS_T62SHZA7	cnvkit
BS_T62SHZA7	manta
BS_T8C13KNH	cnvkit
BS_T9KJYH7M	cnvkit
BS_T9KJYH7M	freec
BS_T9VPRPVA	cnvkit
BS_TBSPYEEW	cnvkit
BS_TBSPYEEW	manta
BS_TCYSSTAM	freec
BS_TCYSSTAM	manta
BS_TDV0SYNR	cnvkit
BS_TEJ317AG	freec
BS_TEJ317AG	manta
BS_TF5TTEXH	freec
BS_THY6PFYF	cnvkit
BS_THY6PFYF	freec
BS_THY6PFYF	manta
BS_TJNAZ0R9	freec
BS_TJNAZ0R9	manta
BS_TKRH7YW7	cnvkit
BS_TKVP8249	freec
BS_TKVP8249	manta
BS_TR758MB1	cnvkit
BS_TR758MB1	manta
BS_TS07B3TC	cnvkit
BS_TSE137Y7	freec
BS_TSE137Y7	manta
BS_TT4PHFV7	cnvkit
BS_TTECR1DV	freec
BS_TTECR1DV	manta
BS_TWN989ZD	cnvkit
BS_TX635KTW	freec
BS_TX635KTW	manta
BS_TY4Q2B5E	freec
BS_TY4Q2B5E	manta
BS_TZGZNRBA	freec
BS_TZGZNRBA	manta
BS_V3SWR3K4	freec
BS_V3SWR3K4	manta
BS_V3TB9WN0	freec
BS_V3TB9WN0	manta
BS_V4VGG98Y	cnvkit
BS_V4VGG98Y	manta
BS_V528V7CM	freec
BS_V528V7CM	manta
BS_V6JX0XAW	freec
BS_V6JX0XAW	manta
BS_V7B79J5R	cnvkit
BS_V7B79J5R	manta
BS_VANG2DNM	freec
BS_VANG2DNM	manta
BS_VB2HAFFY	freec
BS_VB2HAFFY	manta
BS_VCXG53E7	cnvkit
BS_VCXG53E7	manta
BS_VE90VKZY	cnvkit
BS_VGAKW5G6	cnvkit
BS_VKK21QBZ	cnvkit
BS_VP1SAP88	freec
BS_VP1SAP88	manta
BS_VPSXB9S5	freec
BS_VPSXB9S5	manta
BS_VQ6N8TZK	freec
BS_VQ6N8TZK	manta
BS_VQC2PE2B	freec
BS_VR1VMWR4	cnvkit
BS_VR1VMWR4	freec
BS_VR1VMWR4	manta
BS_VRENZ9FT	cnvkit
BS_VRENZ9FT	freec
BS_VRENZ9FT	manta
BS_VSVC539Y	freec
BS_VSVC539Y	manta
BS_VVD8TJNE	freec
BS_VX0XZFBY	cnvkit
BS_VX0XZFBY	freec
BS_VX0XZFBY	manta
BS_VXDGXQKZ	cnvkit
BS_VYXRAZ4W	freec
BS_VYXRAZ4W	manta
BS_W05MC7QG	cnvkit
BS_W09W6AAS	cnvkit
BS_W22EEJCZ	cnvkit
BS_W22EEJCZ	freec
BS_W2BC0CVT	cnvkit
BS_W2BC0CVT	manta
BS_W2EBC1Y7	cnvkit
BS_W2EBC1Y7	freec
BS_W2EBC1Y7	manta
BS_W3R2DQ86	freec
BS_W41Y820G	cnvkit
BS_W41Y820G	freec
BS_W41Y820G	manta
BS_W4FFVTMZ	freec
BS_W4FFVTMZ	manta
BS_W74D279Q	freec
BS_W80VJVK5	freec
BS_W80VJVK5	manta
BS_WB267K41	cnvkit
BS_WB267K41	freec
BS_WB267K41	manta
BS_WBTZK7A2	cnvkit
BS_WBZBDN0A	cnvkit
BS_WBZBDN0A	manta
BS_WCEHT7D0	cnvkit
BS_WDPQ4EHA	freec
BS_WDPQ4EHA	manta
BS_WFZG82XZ	cnvkit
BS_WFZG82XZ	freec
BS_WFZG82XZ	manta
BS_WGYANS1S	freec
BS_WGYANS1S	manta
BS_WGYG91X8	freec
BS_WGYG91X8	manta
BS_WH29129R	freec
BS_WH29129R	manta
BS_WH8KWW5J	cnvkit
BS_WH8KWW5J	freec
BS_WJ3SNVWQ	freec
BS_WJ3SNVWQ	manta
BS_WJB33V17	freec
BS_WJWC3WV7	freec
BS_WJWC3WV7	manta
BS_WK30KEGD	freec
BS_WK30KEGD	manta
BS_WKJHDR2N	freec
BS_WKJHDR2N	manta
BS_WKPJ7S74	cnvkit
BS_WKPJ7S74	manta
BS_WMM0MP1J	cnvkit
BS_WMM0MP1J	manta
BS_WP2D11SK	freec
BS_WRMMQGYH	cnvkit
BS_WRMMQGYH	freec
BS_WRMMQGYH	manta
BS_WRZATZQF	cnvkit
BS_WSD8PV27	cnvkit
BS_WSD8PV27	freec
BS_WSD8PV27	manta
BS_WSK7MH3C	cnvkit
BS_WVMWHF4P	cnvkit
BS_WVMWHF4P	freec
BS_WXKCR17Q	freec
BS_WZXHZN97	cnvkit
BS_WZXHZN97	manta
BS_X0JE23WR	freec
BS_X0JE23WR	manta
BS_X0WNGTHW	cnvkit
BS_X0WNGTHW	freec
BS_X0WNGTHW	manta
BS_X1DSETVE	freec
BS_X242DJMF	cnvkit
BS_X242DJMF	manta
BS_X2D8S1HY	cnvkit
BS_X3AFTRNM	cnvkit
BS_X3V4KTCR	freec
BS_X3V4KTCR	manta
BS_X5VN0FW0	cnvkit
BS_X6BEG5J1	cnvkit
BS_X6BEG5J1	freec
BS_X6BEG5J1	manta
BS_X7QJCVJB	freec
BS_X8H38ZNB	cnvkit
BS_X8H38ZNB	freec
BS_X8H38ZNB	manta
BS_X9XC2TM6	freec
BS_X9XC2TM6	manta
BS_XA3KEKC6	cnvkit
BS_XA3KEKC6	freec
BS_XACV3MSM	freec
BS_XACV3MSM	manta
BS_XBE002WV	freec
BS_XCCCG7NK	freec
BS_XCCCG7NK	manta
BS_XCJBNEZZ	freec
BS_XCJBNEZZ	manta
BS_XDH1Y1TQ	cnvkit
BS_XDH1Y1TQ	manta
BS_XEVMEYFS	freec
BS_XF0SR8RE	freec
BS_XF0SR8RE	manta
BS_XH6P7BY8	cnvkit
BS_XH6P7BY8	manta
BS_XM302FF4	freec
BS_XQC9PNZP	cnvkit
BS_XQC9PNZP	manta
BS_XQSEQPAZ	cnvkit
BS_XSWF2MR1	cnvkit
BS_XSWF2MR1	manta
BS_XWKDJ2M6	cnvkit
BS_XX68G6KE	cnvkit
BS_XZPR9EWW	freec
BS_XZPR9EWW	manta
BS_Y2DE021S	cnvkit
BS_Y2DE021S	freec
BS_Y2DE021S	manta
BS_Y35YEDFF	cnvkit
BS_Y3KBY0FY	cnvkit
BS_Y43VC4VG	cnvkit
BS_Y4V9JXG4	cnvkit
BS_Y4V9JXG4	manta
BS_Y51MCF4S	freec
BS_Y51MCF4S	manta
BS_Y6KT469W	freec
BS_Y6KT469W	manta
BS_Y74XAFJX	cnvkit
BS_Y9BHAPG3	cnvkit
BS_Y9BHAPG3	freec
BS_YAMJFHRF	freec
BS_YAMJFHRF	manta
BS_YD29C6B7	freec
BS_YD29C6B7	manta
BS_YGQS4660	freec
BS_YHAV0NZE	freec
BS_YHAV0NZE	manta
BS_YHXMYDBN	cnvkit
BS_YK9W04XG	cnvkit
BS_YK9W04XG	freec
BS_YKZCQ7D9	freec
BS_YKZCQ7D9	manta
BS_YMN0W0ZA	freec
BS_YMN0W0ZA	manta
BS_YPKSF86W	cnvkit
BS_YPKSF86W	manta
BS_YPQN8YSS	freec
BS_YPQN8YSS	manta
BS_YTQ6Y7FQ	cnvkit
BS_YTQ6Y7FQ	manta
BS_YV3MJ2BD	cnvkit
BS_YVYDDWG6	freec
BS_YVYDDWG6	manta
BS_YX6ZVEXM	freec
BS_YX6ZVEXM	manta
BS_YXZ0BVJ0	freec
BS_YXZ0BVJ0	manta
BS_YZ0P5E8H	cnvkit
BS_YZQMGVJ6	cnvkit
BS_YZQMGVJ6	freec
BS_YZQMGVJ6	manta
BS_Z2G9EG1X	cnvkit
BS_Z344VSXG	freec
BS_Z344VSXG	manta
BS_Z34PQDYT	freec
BS_Z40644EA	freec
BS_Z40644EA	manta
BS_Z571SQ06	freec
BS_Z571SQ06	manta
BS_Z5D6G1S6	cnvkit
BS_Z5D6G1S6	freec
BS_Z5VJCFNP	cnvkit
BS_Z862V8M7	cnvkit
BS_Z862V8M7	freec
BS_Z9NCH2XA	cnvkit
BS_ZB0BQ3P1	freec
BS_ZB0BQ3P1	manta
BS_ZBJCX3BC	freec
BS_ZBJCX3BC	manta
BS_ZED6T1CT	cnvkit
BS_ZED6T1CT	manta
BS_ZGC57N70	freec
BS_ZGC57N70	manta
BS_ZH140J6Z	cnvkit
BS_ZH140J6Z	freec
BS_ZH140J6Z	manta
BS_ZK0GRMB1	cnvkit
BS_ZPXVVM8K	cnvkit
BS_ZQEDB5RA	cnvkit
BS_ZR75EKKX	freec
BS_ZRG2V7T2	cnvkit
BS_ZRG2V7T2	freec
BS_ZRG2V7T2	manta
BS_ZRYQGHDB	freec
BS_ZRYQGHDB	manta
BS_ZT1WRPTB	freec
BS_ZT1WRPTB	manta
BS_ZX1YPQ88	cnvkit
BS_ZX1YPQ88	manta
BS_ZXNHCA0E	freec
BS_ZXNHCA0E	manta
BS_ZYXTC212	cnvkit
BS_ZYXTC212	freec
BS_ZYXTC212	manta
